text,processed_text
Солидная у тебя шайба,солидный шайба
Для ЛЛ: белорус в Москве вызвал жену вместо проститутки (вышло дешевле).,лл белорус москва вызвать жена вместо проститутка выйти дешёвый
Я тож так предлагал жене прилететь ко мне в Волгоград.отлично провели время. По деньгам не подскажу-но не особо дорого. Дело в том году было.,тож предлагать жена прилететь волгоград отлично провести время деньга подсказать особо дорого дело год
напомнило. извините.,напомнить извинить
в результате где-то в мск плачет голодная проститутка. возможно тоже из провинциального городка РБ. добрее быть надо !,результат мск плакать голодный проститутка возможно провинциальный городок рб добрый
Жена красивая.,жена красивый
Как же у вас там всё рядом. Я вот езжу в родной посёлок. 800км. Тысяч 10 только на дорогу. Сутки в пути на трёх автобусах. На блаблакаре предложений почти не бывает.,всё рядом ездить родный посёлок км тысяча дорога сутки путь автобус блаблакар предложение бывать
"Жму руку, брат. Так держать!!!",жать рука брат держать
"У нас реально такие мужики что не могут потерпеть во время командировки, как животные себя ведут? Что за товарищи такие, для которых норма вызывать проституток?... Это какая вообще прослойка интеллектуальная и социальная?",реально мужик мочь потерпеть время командировка животное вести товарищ который норма вызывать проститутка это вообще прослойка интеллектуальный социальный
"Жене не показывайте, что вы её вызывали не потому, что вы романтик любите и скучаете, а потому что она выгоднее шлюхи оказалась.",жена показывать её вызывать романтик любить скучать выгодный шлюха оказаться
"Я, конечно, могу пойти сразу нахер со своими непрошенными советами, но тебе не помешало бы похудеть чутка, мужик) Жена у тебя красотка такая, теряешься на её фоне) Немного скинуть лишний вес и уже расцветёшь.Дада, иду нахер, помню, знаю.",мочь пойти сразу нахер свой непрошенный совет помешать похудеть чуткий мужик жена красотка теряться её фон немного скинуть лишний вес расцвести дада идти нахер помнить знать
"Есть какое-то ощущение нереальности, когда читаю как в комментариях хвалят человека за то, что он, будучи женатым, не снял проститутку. Как будто это что-то особенное, целый ""поступок"".И если бы мне коллеги такое рекомендовали при условии, что я женат, были бы посланы лесом. Это ж блин базовое самоуважение. Совсем, ну совсем базовое",ощущение нереальность читать комментарий хвалить человек женатый снять проститутка это особенный целый поступок коллега рекомендовать условие женатый послать лес это блин базовый самоуважение базовый
Правильно сделали! К черту сарказм и прочее. Нужно поддерживать такие семьи.,правильно сделать черта сарказм прочее нужно поддерживать семья
"Отличный гайд на тему ""жена из белоруссии дешевле проститутки"".Жене обязательно линкани",отличный гайда тема жена белоруссия дешёвый проститутка жена обязательно линкани
"Вообще то это нормально проводить время с близким человеком, а не хрен пойми с кем.Те кто спрашивал про проституток не нашли своего человека",вообще это нормально проводить время близкие человек хрен понять спрашивать проститутка наслать свой человек
"респект и уважение вам, автор! достойно!я никогда не пользовался платными услугами женщин и не понимаю зачем это нужно. я привыкаю быстро особенно когда такая близкая связь. Тоже предпочитаю стабильные понятные отношения. Сейчас я в разводе но с кем попало как попало не готов, не могу я так! и понимаю вас!!!!",респект уважение автор достойно пользоваться платный услуга женщина понимать это нужно привыкать быстро особенно близкий связь предпочитать стабильный понятный отношение развод попасть попасть готовый мочь понимать
"Такая же история. Сейчас во Владике в долгосрочной командировке, тоже на стройке. Недавно жена с дочкой прилетали на неделю.",история владик долгосрочный командировка стройка недавно жена дочка прилетать неделя
пиздец какой-то,пиздец
"Сейчас командировочные не снимают проституток,дорого. Они сидят на сз. Знакомятся на время командировки. Очень много таких.",командировочный снимать проститутка дорого сидеть сз знакомиться время командировка очень
"У жены бывают командировки на 2 месяца, тоже приезжаю к ней на выходные: и время с человеком провезти и город посмотреть.",жена бывать командировка месяц приезжать выходной время человек провезти город посмотреть
"""За цены сорян"" - а чё ты извиняешься, это ты с ними что-то сделал?",цена сорянин извиняться это сделать
14 комментов за 6 лет. С силой воли и выдержкой все в порядке. Держи лучи,коммент год сила воля выдержка порядок держать луч
"Тут ситуация простая, 6 лет он возвращается, 6 лет вы его побеждаете. Кто-то бы сломался на 2м, 3м году, но вы дЕржитесь.",ситуация простой год возвращаться год побеждать сломаться м м год держаться
"Фига ты мощная! Столько бороться! Ты не одна, мы за тебя з а тебя! Обнимаю крепко. Всё будет хорошо!",фига мощный столько бороться з обнимать крепко всё
Живи долго.,живить долго
"Смысл жизни - в самой жизни. Нет ничего ценнее её. Все усилия и средства оправданы для победы над недугом. Это не игра где можно сохраниться и пройти уровень заново. Конец будет завершением мыслей и сознания, не получится больше увидеть рассвет, съесть вкусный завтрак, пообщаться с любимыми, с друзьями, поехать в путешествия да и много чего другого, что приносит счастье. Нет смысла сдаваться, так как это не даст никакого положительного результата, даже мифического облегчения, потому что облегчения не будет, только боль утраты у близких людей. Борись во что бы то ни стало. Никогда не сдавайся. Всё получится.",смысл жизнь жизнь ценный её усилие средство оправдать победа недуг это игра сохраниться пройти уровень заново конец завершение мысль сознание получиться увидеть рассвет съесть вкусный завтрак пообщаться любимый друг поехать путешествие приносить счастие смысл сдаваться это дать никакой положительный результат мифический облегчение облегчение боль утрата близкий человек бороться стать сдаваться всё получиться
"Не знаю поможет или нет, но сдаваться после стольких попыток - ну как минимум глупо. Покажи раку, что хуй ему, ты сильнее!",знать помочь сдаваться столько попытка минимум глупо показать рак хуй сильный
"Держись сестрёнка. Как то очень душевно. Давно ты получала удовольствие от услышанного. Меня сломил концерт в записи органной музыки. Советую. И не сдерживался если плакать захочется. Мне 36, мужик, трое пацанов, рыдал как младенец. Дальше будешь познавать себя заново. Целую. Держись.",держаться сестрёнка очень душевно давно получать удовольствие услышать сломить концерт запись органный музыка советовать сдерживаться плакать захотеться мужик трое пацан рыдать младенец далёкий познавать заново целый держаться
"Лучей добра, удачи и выздоровления тебе!",луч добро удача выздоровление
"Знаешь...6 раз повезло - вот и радуйсяЧуть больше года назад, моему отцу поставили диагноз нихождинская(вроде правильно написал) лимфома. Химии помогали, меньше чем через пол года он даже сам за рулем сидеть начал и можно сказать что начал бегать. После поражения в 75% внутренних органов(когда ложился на первую химию, из привычных 100 кг веса, у него было 64 и со слов врачей, 7кг это опухоль) у него ушло 93% опухоли. Все было хорошо. В декабре вернулся с очередной химии, которая должна была добитьопухоль...следующее обследование(пэт кт и прочее) ему назначили на 20 числа января...а 15 января он пожаловался на то, что голова сильно болит, с утра. В обед, лег поспать...а через пару часов, когда мать его разбудила, его с нами уже почти что небыло. Часть памяти отшибло, давление под 190, ходить не может. Сдали все анализы, отвезли в Ростов в онко центр, где он и лечился...сверх ранний рецедив, лимфома пошла в голову и сильное поражение мозга. Лечение - не существует. Вернулись домой, понимая что уже все....он меня с матерью то с трудом узнавал, не помнил как нас зовут но помнил кто мы. Потом кома и смерть...Так что - радуйся каждому, блять, дню и проводи его с родными и близкими. Ты можешь выжить - так стремись к этому и делай все возможное, чтобы родные запомнили тебя с улыбкой. Каждый день может быть последним. Так что реально - радуйся и живи. Надеюсь, все у тебя будет хорошо",знать повезти радуйсячуть год назад отец поставить диагноз нихождинской вроде правильно написать лимфома химия помогать маленький пол год руль сидеть начать сказать начать бегать поражение внутренний орган ложиться первый химия привычный кг вес слово врач кг это опухоль уйти опухоль декабрь вернуться очередной химия который должный добитьопухоль следующий обследование пэт кт прочее назначить число январь январь пожаловаться голова сильно болеть утро обед лечь поспать пара час мать разбудить небыть часть память отшибить давление ходить сдать анализ отвезти ростов онко центр лечиться сверх ранний рецедить лимфома пойти голова сильный поражение мозг лечение существовать вернуться домой понимать мать труд узнавать помнить звать помнить кома смерть радоваться каждый блядь день проводить родный близкий мочь выжить стремиться делать возможный родный запомнить улыбка каждый день последний реально радоваться живить надеяться
Сама сдалась психиатру за мед помощьюНадеюсь вы успели первой надеть халат?),сдаться психиатр мёд помощьюнадеяться успеть первый надеть халат
"После седьмого рецидива напиши книгу ""7 шагов к жизни"". Расскажи свою историю, она может помочь кому-то.",седьмой рецидив написать книга шаг жизнь рассказать история помочь
"Хватит ныть. С седьмой попытки точно победишь, прям как я экзамен на пдд",хватить ныть седьмой попытка точно победить прям экзамен пдд
"Ну вот сама прикинь, тебя здесь держат причем уже силой, хотя кто то пытается утащить. Еще не все дела сделаны, не пришло твое время. Рано еще, рано.",прикинуть держать причём сила хотя пытаться утащить дело сделать прийти твой время рано рано
Держитесь! Всё будет хорошо!,держаться всё
"Ты нужна только себе и самым близким людям. Живи каждый день для себя и дорогих для тебя людей. Каждый день - это событие, которое не повторится и проживи его так чтобы запомнить.",нужный самый близкие человек живить каждый день дорогой человек каждый день это событие который повториться прожить запомнить
"Держись , крепись , прорвись и всё будет збс =)",держаться крепиться прорваться всё збс
Удачи тебе!!!!,удача
"Еще до СВО разговаривал в Якутии на вахте с американцем.У нас и из Африки работали и из Казахстана , много откуда. Может кто понял что за организация. Рукастый мужик, все умел. По его словам в США много тех, кто умеет своими руками и мотоцикл собрать и беседку красивую и тд и тп. Но много и тех, кто не то что беседку построить-даже обычные макароны сварить не сможет и лампочку вкрутить. Его батя научил, круг общения такой же. Кого то не научили. В России примерно так же становиться.",сво разговаривать якутия вахта американец африка работать казахстан откуда понять организация рукастый мужик уметь слово сша уметь свой рука мотоцикл собрать беседка красивый тд тп беседка построить обычный макароны сварить смочь лампочка вкрутить батя научить круг общение научить россия примерно становиться
как тебе такое Илон Ибн Маск!?,илона ибн маск
"Все мы умеем, у нас передача очумелые ручки была.А сланцы мы делаем из бутылок.",уметь передача очумелый ручка сланец делать бутылка
"В штатах не просто всё в сервис тащат, да мастербоя призывают.Там всё и вся должно быть застраховано.Вот ты поставил к примеру розетку сам, а надо дом страховать от пожара, либо страховая оверпрайс загнёт, либо сертификат от электрика затребует.А не застрахуешь, то могут и заругать.А полный пиздец, это когда был пожар, огонь перекинулся на соседа, у него выгорело, а страховки нет.Конечно я ситуацию за уши притянул, но общий посыл таков.",штат просто всё сервис тащить мастербой призывать всё весь должный застраховать поставить пример розетка дом страховать пожар либо страховой оверпрайс загнуть либо сертификат электрика затребовать застраховать мочь заругать полный пиздец это пожар огонь перекинуться сосед выгореть страховка ситуация ухо притянуть общий посыл таковой
"Пакистанец: Это что же, Аль-Задорни был прав?",пакистанец это аль задорни право
"Так то да. По факту в 90 все садили себе огород потом что невозможно было купить. Либо не было товара либо денег. А если все есть, то нахуя самому горбатится. Проще взять у того кто этим живет",факт садить огород невозможно купить либо товар либо деньга нахуй горбатиться простой взять это жить
Взгляд с другой стороны. Универсальные навыки нарабатываются не от лёгкой жизни.,взгляд сторона универсальный навык нарабатываться лёгкий жизнь
Неужели наконец нормальный ответ... На самом деле то что у нас офтальмолог умеет строить забор... Это говорит только о том что врачи мало получают,неужели нормальный ответ дело офтальмолог уметь строить забор это говорить врач мало получать
"Я помню как-то видел видос, как пакистанцы из севера, где племена живут, из каких-то консервных банок, говна и палок с помощью напильников и каких-то гаражных инструментов собирают автоматы. Вероятно, качество стремиться к нулю, но все равно стреляет! Вот кто выживет при апокалипсисе",помнить видеть видос пакистанец север племя жить консервный банка говно палка помощь напильник гаражный инструмент собирать автомат вероятно качество стремиться нуль равно стрелять выжить апокалипсис
"В таких случаях Пакистанцы про свою страну говорят- этот народ не победить! Особенно каким-то там индусам (другим это вообще не надо).Я пакистанец, я иду до концаЯ пакистанец, моя кровь от отца,Я пакистанец, и мне повезлооооооууууЯ пакистанец всему миру назло!",случай пакистанец страна говорить народ победить особенно индус это вообще пакистанец идти концай пакистанец кровь отец пакистанец повезлооооооуууовать пакистанец весь мир назло
Зато лебедей умеют из покрышек делать,зато лебедь уметь покрышка делать
"Смншно что пакистанцы в лучшем случае владеют паой операций зачастую. То есть там обучение как у ремемлеников 17го века. Зачастую они делают эти операции без понимания что и зачем))Есть там и те кто шарит, но они занимаются более серьезными вещами, чем сандали из покрышек))",смншный пакистанец хороший случай владеть паий операция зачастую обучение ремемленик го век зачастую делать операция понимание шарить заниматься серьёзный вещь сандали покрышка
"Боже, точнее и не подберешь аллегорию",бог точнее подобрать аллегория
на этом комментарии можно эту волну заканчивать. никто точнее и лучше уже не скажет,комментарий волна заканчивать никто точнее сказать
"Если стёб, то ОК. А если нет, то получается подмена понятий. Неумение что-то делать и невозможность что-то делать самому разные вещи. Тут Америка ни при чем. Так везде по миру. И делятся люди примерно так:- не умеет и зовёт на помощь;- умеет, но сам не полезет ввиду обстоятельств;- умеет и сам все делает;- умеет, но впадлу самому делать и зовет на помощь.",стёб около получаться подмена понятие неумение делать невозможность делать разный вещь америка везде мир делиться человек примерно уметь звать помощь уметь полезть ввиду обстоятельство уметь делать уметь впадло делать звать помощь
"Это мне напоминает бабок у подъезда ""раньше в поле рожали"", "" в речке стирали"", ""неправильно ты швабру держишь"". Скажи таким, что есть гаджеты и клининг или доставка еды, обязательно начнут пиздеть, что у кого-то там жена ничего не умеет.",это напоминать бабка подъезд ранний поле рожать речка стирать неправильно швабра держать сказать гаджет клининга доставка еда обязательно начать пиздеть жена уметь
"Так мы и не ноем, что вёдра и сланцы дорого стоят.",ной ведро сланец дорого стоять
Готовить еду из крыс тоже не умеют в антисанитарии,готовить еда крыса уметь антисанитария
сравнение максимально тупое.мужик должен уметь базовые вещи.иначе мужика облапошат на деньги.банальный пример:у друга комп начал вырубаться в синий экран.пришёл мастер и начал ему гнуть цены..он его послал и позвонил мне..в итоге там банально жд полетел.мы его поменяли и всё работает.но как у меня полетела сетевуха я пошёл в сервис и мне перепаяли чип за 800р с работой.(это дешевле чем покупать паяльную станцию и ждать чип непойми какого качества с Китая.),сравнение максимально тупой мужик должный уметь базовый вещь иначе мужик облапошить деньга банальный пример друг комп начать вырубаться синий экран прийти мастер начать гнуть цена послать позвонить итог банально жд полететь поменять всё работать полететь сетевуха пойти сервис перепаять чип р работа это дешёвый покупать паяльный станция ждать чип непонять качество китай
Всё мы умеем,всё уметь
"Умеют, но вот нахуя, если купить дешевле?",уметь нахуй купить дешёвый
Свежецивилизованные до слез ущемились за своих хозяев и немедленно бросились отстаивать их честь.,свежецивилизовать слеза ущемиться свой хозяин немедленно броситься отстаивать честь
"Не надо тут ляля, не только сланцы из старых покрышек могем сделать, но и лебедей.",ляля сланец старый покрышка могем сделать лебедь
"Согласен. Пиздеть не надо на них. Американцы очень работящие, для них работа это все. От того где и кем ты работаешь сразу понятно становится какая у тебя машина, дом, жена, где дети учатся.",согласный пиздеть американец очень работящий работа это работать сразу понятно становиться машина дом жена ребёнок учиться
"У меня есть знакомый (житель США не в первом поколении) и у нас был разговор на эту тему. Ну и вопрос конечно был примерно такой: а вы что, действительно не можете поменять сами розетку в доме? Починить какой то прибор при очевидной и небольшой поломке, сами покосить себе траву или поставить забор и т.п. На что он мне ответил, что дело не в умении, что в любой теме можно разобраться и сделать своими руками и если оно тебе нравится то так и стоит делать, но мастер-электрик сделает быстрее, надежнее, профессиональнее, как и профессионал плотник или садовник. Если человек в этом специалист, он сэкономит твое время и нервы, не придется ездить в магазин за материалами, не придется покупать инструменты, которые будут нужны только для одного ремонта, и это время можно провести в походе или на пикнике с семьей, можно посмотреть любимый фильм или провести время в каком то сообществе (у них там много всяких кружков по интересам, фильмы, музыка и т.п.). А человек выполнивший работу, заработает деньги за свой труд и у него всегда будут заказы, а значит когда тебе понадобится электрик/садовник/сантехник они будут рядом, готовые к работе, а не придется их искать или ждать несколько дней. Так что это философия жизни, а не тупость.",знакомый житель сша первый поколение разговор тема вопрос примерно действительно мочь поменять розетка дом починить прибор очевидный небольшой поломка покосить трава поставить забор п ответить дело умение любой тема разобраться сделать свой рука оно нравиться стоить делать мастер электрик сделать быстрый надёжный профессиональный профессионал плотник садовник человек специалист сэкономить твой время нерв прийтись ездить магазин материал прийтись покупать инструмент который нужный ремонт это время провести поход пикник семья посмотреть любимый фильм провести время сообщество всякий кружок интерес фильм музыка п человек выполнить работа заработать деньга свой труд заказ значит понадобиться электрик садовник сантехник рядом готовый работа прийтись искать ждать несколько день это философия жизнь тупость
"Ох) я работал в Иркутск автодоре… ну как работал.. месяц.. свалил оттуда в ахуе, хотя я очень терпеливый, за 17 летний стаж работы, сменил только две организации. Автодор был третьей. Был водителем КАМАЗа.. ну как водителем.. ремонтником. Потому что за месяц камаз отработал три дня, все остальное ремонт. Ремонт оплачивается 100 рублей в час.Запчастей нет, всем на все пофиг, все тебя гоняют туда-сюда, ни от кого ничего не добьешься. Обещали зарплату от 80ти. В итоге, мужики получают в районе 50ти. Условий труда никаких. Работают, в основном, пенсионеры, либо те, кому осталось до пенсии дотянуть немного. Зато теперь я прекрасно понимаю, почему у нас дороги не чистятся и снег не убирается. За месяц накопилось достаточно историй",ох работать иркутск автодора работать месяц свалить оттуда ахуй хотя очень терпеливый летний стаж работа сменить организация автодора третий водитель камаз водитель ремонтник месяц камаз отработать день остальной ремонт ремонт оплачиваться рубль час запчасть весь пофига гонять туда сюда добиться обещать зарплата ти итог мужик получать район ти условие труд никакой работать основное пенсионер либо остаться пенсия дотянуть немного зато прекрасно понимать почему дорога чиститься снег убираться месяц накопиться достаточно история
"К коллективу предприятия я не пойду, если им надо — пусть выходят сюда».Типичный пидор ебаный.",коллектив предприятие пойти пусть выходить сюда типичный пидор ёбаный
"Надо же, где-то люди не позволили вытирать о себя ноги",человек позволить вытирать нога
"Как бы это не звучало, но это хороший прецендент. Ситуация говно, конечно.",это звучать это хороший прецендент ситуация говно
"Работал в подобной шараге, директор об рабочих ноги вытирал матом крыл, зарплату платил не вовремя, но мужики терпели, работали.",работать подобный шарага директор рабочий нога вытирать мат крыло зарплата платить вовремя мужик терпеть работать
Красавчики!,красавчик
"Ремонт за свой счёт, его надо пиждить за это бесконечно, а потом продать его квартиру",ремонт свой счёт пиждить это бесконечно продать квартира
"Около прорабской толпятся рабочие — шумят, руками размахивают. Выходит прораб, говорит:— Пусть кто-нибудь один выйдет, и говорит.Крики из толпы:— Петрович! Пусть Петрович скажет!Выходит вперёд Петрович. Немного мнётся, собирается с мыслями, шмякает подшлемник о землю:— Как еб твою мать, так бля пиздец, а как ебаный в рот, так ни хуя!Из толпы голос:— Правильно, Петрович! Пока рукавицы не выдадут - работать не будем!",около прорабский толпиться рабочий шуметь рука размахивать выходить прораб говорить пусть выйти говорить крик толпа петрович пусть петрович сказать выходить вперёд петрович немного мяться собираться мысль шмякать подшлемник земля еб твой мать бля пиздец ёбаный рот хуй толпа голос правильно петрович пока рукавица выдать работать
"Водители и механизаторы остановили технику, диспетчеры прекратили работу, а офисные сотрудники покинули свои рабочие местаЯ один не понимаю что это? Тут же 4 разные касты. Насколько знаю, никогда конторские не впрягались за рабочих. Плюс ко всему, сами специальности рабочих, не особо располагают к дружбе. И поэтому эта фраза звучит, как будто все просто закончили свой рабочий день и поёбали домой",водитель механизатор остановить техника диспетчер прекратить работа офисный сотрудник покинуть свой рабочий местая понимать это разный каста насколько знать конторский впрягаться рабочий плюс весь специальность рабочий особо располагать дружба поэтому фраза звучать просто закончить свой рабочий день поёбали домой
Даешь профсоюз!,давать профсоюз
Булыжник — оружие пролетариата,булыжник оружие пролетариат
"Работники неоднократно жаловались на нарушения трудовых прав, в частности, нанеобходимость ремонтировать технику предприятия за свой счёт и покупать рабочий инвентарь.Встречаются два начальника:- Ты своим заводчанам зарплату выдаешь?- Нет.- И я нет. А они все равно на работу ходят?- Ходят.- И мои ходят. Может, вход платный сделаем?...Вход сделали платным. Проходит неделя.- Ну как, твои еще на работу ходят?- Ага, тока экономят, сволочи!!!- ?!- В понедельник приходят, а в пятницу уходят…Я думал это анекдот.",работник неоднократно жаловаться нарушение трудовой право частность нанеобходимость ремонтировать техника предприятие свой счёт покупать рабочий инвентарь встречаться начальник свой заводчан зарплата выдавать равно работа ходить ходить ходить вход платный сделать вход сделать платный проходить неделя твой работа ходить ага ток экономить сволочь понедельник приходить пятница уходить думать это анекдот
"Нарушение ТК РФ явное.Берёзкина премировать за бдительность - не стал заходить в здание, аниикоаидные законы ещё не отменены!!!Так держать Берёзкин.На организаторов массового скопления людей и создание толпы способствующих распростронение ко видной инфекции.На и каждого административку, штраф 5000 рублей и само изоляцию под надзором полиции без сохранения содержания!!!!",нарушение тк рф явный берёзкин премировать бдительность стать заходить здание аниикоаидный закон ещё отменить держать берёзкин организатор массовый скопление человек создание толпа способствовать распростронение видный инфекция каждый административка штраф рубль изоляция надзор полиция сохранение содержание
"Теперь понятно, почему хозяев заводов на вилы поднимали и жгли вместе с семьями в 1917 году. И название им народ дал верное-МИРОЕДЫ.",понятно почему хозяин завод вилы поднимать жечь вместе семья год название народ дать верный мироед
"Родная Смоленская область. Зарплаты так себе (если сравнивать с пикабушными), условия работы и правда не ахти. Только профсоюза у нас нет.",родный смоленский область зарплата сравнивать пикабушной условие работа правда ахти профсоюз
"Выскажу мб непопулярное мнение, но требовать надо не улучшение условий, а смену руководство, с которым эти условия уже обсуждать. Текущее уже, скорее всего сознательно, пришло к текущей модели. И вряд ли хочет ее менять. Это их корова и они ее доют. Ок, могут пойти на уступки. Но дальше существует вероятность, что самых активных тихо уберут, гайки подзакрутят, ну и неспеша вернут прежние условия. Опять же, кто без рыльца в пуху? Все сотрудники образцовые? Проверочки, тесты и прочее, скелеты в шкафу, договоренности - и вот уже часть (в том числе из заводил) переходит в слабую позицию и возврат к текущей модели для них как подарок",высказать мб непопулярный мнение требовать улучшение условие смена руководство который условие обсуждать текущий скорее сознательно прийти текущий модель вряд хотеть менять это корова дыть около мочь пойти уступка далёкий существовать вероятность самый активный тихо убрать гайка подзакрутить неспешить вернуть прежний условие рыльце пух сотрудник образцовый проверочка тест прочее скелет шкаф договорённость часть число заводить переходить слабый позиция возврат текущий модель подарок
Профсоюз уже давно задвинули в правительстве в угоду работодателей и подточили законы в госдуме.Профсоюз мертв в РФ.,профсоюз давно задвинуть правительство угода работодатель подточить закон госдума профсоюз мёртвый рф
"Не первый раз, шахтеры так делали",первый шахтёр делать
Как правило все эти директора конченые люди не знающие что такое быть обычным рабочим,правило директор конченый человек знающий обычный рабочий
Охранота дружно прибежала перекрывать Новочеркасском. Напомню что причиной волнений стало повышение цен. Что там у нас с ценами последние 30 лет кстати?,охранота дружно прибежать перекрывать новочеркасский напомнить причина волнение стать повышение цена цена последний год кстати
"Ну что, почалося?))",почалось
"Уточните оно государево или частникСудя по всему государево. Ну так прокуратура, нарушение кзота",уточнить оно государев частниксудить весь государев прокуратура нарушение кзот
"Нихуя себе,это же как нужно охуеть, чтобы заставлять человека,который тебе деньги зарабатывает, покупать инструмент и ремонтировать технику за свой счёт....",нихуй это нужно охуеть заставлять человек который деньга зарабатывать покупать инструмент ремонтировать техника свой счёт
Ремонт техники за свой счет это как?) не понимаю,ремонт техника свой счёт это понимать
а чтотак можно было что ли,чтотак
"Красавцы! Вот для чего был придуман профсоюз. Объединение рабочего класса, чтобы отстаивать свои права. Вот это профсоюз здорового человека, в который и членские взносы засылать не жалко. Молодцы, так держать! Боритесь! Вы им нужнее, чем они вам",красавец придумать профсоюз объединение рабочий класс отстаивать свой право это профсоюз здоровый человек который членский взнос засылать жалко молодец держать бороться нужный
Не уж то началось!,начаться
"если взять туарегов - народ, исповедующий ислам суннитского толка, то у них лицо взрослого мужчины может видеть только жена, которая сама не закрывает лицо хDЕсть тут религиоведы, которые объяснят чзх?",взять туарег народ исповедовать ислам суннитский толк лицо взрослый мужчина видеть жена который закрывать лицо хбыть религиовед который объяснить чзх
"У некоторых видны кисти рук, вот же шлюхи",некоторый видный кисть рука шлюха
"Это настолько серьезная шутка, что пост снесут скорее всего через 5 минут",это настолько серьёзный шутка пост снести скорее минута
Бомбическая шутка,бомбический шутка
"Не могу понять, где здесь шутка, ну чурка есть чурка, вот смотри есть 05 регион и чуть что они всех готовы ебать, странный народ. Вот им говоришь что он ослоёб он. Обижаются, а вот оно не просто так прилипает к нации, как например к циганам что они конокрады, а эти чурки и они чурки, а почему обижаются?",мочь понять шутка чурка чурка смотреть регион готовый ебать странный народ говорить ослоести обижаться оно просто прилипать нация например циган конокрад чурка чурка почему обижаться
"Неплохо, я бы сказала, очень даже недурственно.",неплохо сказать очень недурственный
Дырки от бубликов,дырка бубликовый
"приходят люди в никабах группой на нудистский пляж, а там люди только в черных очках",приходить человек никаба группа нудистский пляж человек чёрный очки
"Было бы смешно, если бы не было правдой🤦",смешно правда
"О, москвичи",москвич
"Это нифига не смешно. А помните не так давно говорили: ""Хотите как в европе?"" Я ещё тогда спрашивал у таких, у нас то что сильно иначе? Теперь хлебаем по полной. Ну может до европы ещё не докатились, но несёмся в ту же сторону на всех парах. Под руководством гаранта, который у власти уже не первый десяток лет. И видимо эту проблему решать особо не намерен. Хотя она уже перезрела в нарыв и вот вот рванёт. Вроде некоторые от власти типа Бастрыкина чет начинают на эту тему вещать и вроде какие то подвижки вроде как начались. Но всё это напоминает иммитацию бурной деятельности с нулевым результатом. Может я ошибаюсь, будем посмотреть. Но прогнозы у мну тревожные.",это нифига смешно помнить давно говорить хотеть европа ещё спрашивать сильно иначе хлебать полный европа ещё докатиться нестись сторона пара руководство гарант который власть первый десятка год видимо проблема решать особо намеренный хотя перезрелый нарыв рвануть вроде некоторый власть тип бастрыкин чета начинать тема вещать вроде подвижка вроде начаться всё это напоминать иммитация бурный деятельность нулевой результат ошибаться посмотреть прогноз мять тревожный
"борода есть/усов нет - значит есть повод как минимум прошманать (включая проверку телефона), а лучше на 15 суток закрыть от греха подальше",борода усов значит повод минимум прошманать включая проверка телефон сутки закрыть грех далёкий
Ахахахаххах,ахахахахха
"Чернушно, но смешно)",чернушный смешно
Назгулы...блин,назгул блин
"Баян, но ещё актуально",баян ещё актуально
Удялит через 3...2..1...,удялита
Одну шепнул и муж дэанолнился))),шепнуть муж дэанолниться
"- выбираю категорию ""любовницы Куклачёва"" за 500- и вам попался кот в мешке!",выбирать категория любовница куклачёв попасться кот мешок
"Спор заведомо бесплоден,Спорят викинг и раввин:Бог один, и он не Один –Один – бог, и не один...Раввин и викинг в жарком спореСошлись на том, что сила в Торе!",спор заведомо бесплодный спорить викинг раввин бог бог раввин викинг жаркий споресойтись сила тора
"В советском союзе была шутка: и евреи и наркоманы хотят попасть в вену.Для справки - т.к. дипотношений у СССР с Израилем не было, репатриация евреев проходила через Австрию (Вена) некоторые я так понимаю оттуда не в Израиль а в штаты сразу ехали",советский союз шутка еврей наркоман хотеть попасть вена справка дипотношение ссср израиль репатриация еврей проходить австрия вена некоторый понимать оттуда израиль штат сразу ехать
Вопрос за 300,вопрос
"Что-то не догнал, а что за закладки в торе у наркоманов?",догнать закладка тора наркоман
А чем они тогда различаются?,различаться
"Можно бригаду?Тор - фигура геометрическая, как в ней может быть закладка?",бригада тор фигура геометрический закладка
А ещё охуительные истории к своему приходу,ещё охуительный история свой приход
Сначала не понял а потом как понял XD,сначала понять понять
чё такое 7:40?,
Даже звуки из игры в голове по картинкам воспроизводится,звук игра голова картинка воспроизводиться
Веселящий газ может ещё?,веселить газ ещё
Йохан Львович,йохан львович
Шутка ржачная,шутка ржачный
"Вообще нихуа не понял.. сплошная, мерзкая хуцпа, одним словом.",вообще нихуа понять сплошной мерзкий хуцп слово
рки проч от тороидальных трансформаторов!,рки проч тороидальный трансформатор
Прям слышу его голос)),прям слышать голос
"Закладки в телеграмм делают. Знакомый есть который в теме, объяснял.",закладка телеграмма делать знакомый который тема объяснять
"Какой там сайт сейчас, вместо гидры?",сайт вместо гидра
Разве не 4:40?,
"а какой предполагался ответ, если этот неправильный?",предполагаться ответ неправильный
А что такое тора?,тор
"Племянник с ними столкнулся сами знаете где, говорит - ребята без страха и упрека. В рацию по-деловому сообщают: мы окружены, идём на прорыв. И чешут без всякой паники.",племянник столкнуться знать говорить ребята страх упрёк рация деловой сообщать окружить идти прорыв чесать всякий паника
Праведность из плоти и крови - это очень сильно!,праведность плоть кровь это очень сильно
"Ну блин, а что они могли ещё оставить на память, как поблагодарить? Умницы, молодцы ребята! И спасибо их стране за плечо в трудный момент!",блин мочь ещё оставить память поблагодарить умница молодец ребята спасибо страна плечо трудный момент
Там же солдатики молодые. Да побитые. Вот и вскрылась искренность.,солдатик молодой побить вскрыться искренность
"Сильные духом, высокие помыслами! Способные мыслить выше бытового уровня, как советский народ когда-то.",сильный дух высокий помысел способный мыслить выше бытовой уровень советский народ
Хорошие ребята,хороший ребята
Аж всплакнул 🥲,аж всплакнуть
"А ещё пару лет назад: ""Вы чо, хотите как в Северной Корее?""",ещё пара год назад хотеть северный корея
"В 12 м году работал на одном объекте. И был подрядчик по штукатурным работам а у него 40 корейцев. Работали как звери, качественно и быстро. Но везде были разбросаны маленькие книжечки- учение чучхе. Притащил домой. С женой ржали до колик)",м год работать объект подрядчик штукатурный работа кореец работать зверь качественно быстро везде разбросать маленький книжечка учение чучхе притащить домой жена ржать колика
В военных госпиталях всегда все от души. С обеих сторон,военный госпиталь душа оба сторона
"Друг познаётся в беде. От северо корейцев конечно не ожидал, но вот предательства от всех стран снг кроме Беларуси/ии(не военной ) так стратегической : население маленькое для армии , а во расположение и территории да. +ещё с.корейцы отвлекают на себя немного/много внимание япошек и июжнокорейцев. А так да братушки , хоть и не говорят по нашему но это исправимо и наше население , думаю будет успешно топить за иммигрантов из Кореи или на худой конец из Китая, чем за дилдоджонстановцев.",друг познаваться беда северо кореец ожидать предательство страна снг кроме беларусь ия военный стратегический население маленький армия расположение территория ещё кореец отвлекать немного внимание япошка июжнокореец братушка говорить наш это исправимый наш население думать успешно топить иммигрант корея худой конец китай дилдоджонстановец
"Я думаю, это воспитание. Простое человеческое воспитание с вековыми традициями.",думать это воспитание простой человеческий воспитание вековой традиция
Утверждения прессы об участии военнослужащих Корейской народной армии в специальной военной операции России на Украине напоминают очередную информационную утку. Такую оценку дал на брифинге пресс-секретарь президента РФ Дмитрий Песков.,утверждение пресса участие военнослужащий корейский народный армия специальный военный операция россия украина напоминать очередной информационный утка оценка дать брифинг пресс секретарь президент рф дмитрий песок
"Если бы наши лечились в Корее, то там на стенах тоже бы остались надписи на русском...",наш лечиться корея стена остаться надпись русский
"Пиздец, гойданутый мир победил. Вся лента в пропаганде уровня пародий. Адекватное большинство заебалось реагировать, в комментариях одни боты и телевизороголовые)",пиздец гойдануть мир победить весь лента пропаганда уровень пародия адекватный большинство заебалось реагировать комментарий бот телевизороголовый
"Праведность из плоти и крови! Черепа к трону из черепов! Ой, то есть, за Императора, само собой!",праведность плоть кровь череп трон черепов ой император
"Как то раз попал в нашу богадельню по скорой северокорейский гастарбайтер. Поставили ему диагноз ""туберкулез с бацилловыделением"", и бедняга чуть не заплакал от радости. Лечиться несколько месяцев в российской туббольнице ему хотелось явно сильнее, чем возвращаться на Родину",попасть наш богадельня скорый северокорейский гастарбайтер поставить диагноз туберкулёз бацилловыделение бедняга заплакать радость лечиться несколько месяц российский туббольница хотеться явно сильный возвращаться родина
"Ну, какая страна такие и братушки",страна братушка
"Два года ""патриотическое"" сообщество Пикабу верещало ""Какая Северная Корея?! Выфсёврёте!!! ЦИПСО!!!""А теперь вот так вот.Вам там где то ""этодругин"" на завтрак выдают?",год патриотический сообщество пикаба верещать северный корея выфсёврать ципсо этодругин завтрак выдавать
"дожили, какие-то темные кндровцы наши друзья, а еще талибов забыл",дожить тёмный кндровца наш друг талиб забыть
"Мне как то Виктор Цой и Костя Дзю залетают лучше, чем Верка Сердючка. Костя правда поёт плохо, зато хлопает хорошо.",виктор цой костя дзю залетать верка сердючка костя правда петь плохо зато хлопать
"Светлые люди. Прям охренительный контраст на фоне выродков, мажущих себе промежность краской красной и стреляющей баллистикой по вокзалу своего же города (Краматорск), чтобы обвинить в этом русских.",светлый человек прям охренительный контраст фон выродок мазать промежность краска красный стрелять баллистика вокзал свой город краматорск обвинить русский
"Я встречал нескольких северокорейцев, которым удалось сбежать. Они в ужасе от своего правительства. Это мафиозное правительство, которым управляет одна семья, по сравнению с которым сериалы «The Godfather» и «The Sopranos» кажутся слабыми.Настоящие северокорейцы просто смирились со своей судьбой и следуют правилам, иначе произойдут очень плохие вещи.Но позвольте мне спросить: какие общие культурные и политические ценности разделяют русские и северокорейцы?",встречать несколько северокореец который удаться сбежать ужас свой правительство это мафиозный правительство который управлять семья сравнение который сериал казаться слабый настоящий северокореец просто смириться свой судьба следовать правило иначе произойти очень плохой вещь позволить спросить общий культурный политический ценность разделять русский северокореец
"господи сразу 4 таких амбала, сколько же надо чтоб их просто прокормить)) у моей сестры двое жрут как не в себя, а тут целых 4, теперь 5) сил вам и удачи",господь сразу амбал сколько просто прокормить сестра двое жрать целый сила удача
Кристофер Хивью на фото?,кристофер хивить фото
"У каждого есть тот самый друг, который портит красивое постановочное фото)))",каждый самый друг который портить красивый постановочный фото
"Это идеальное лицо для ДПСника, оно прям кричит: ну что, молодой человек, в трубочку дыхнем или сразу на освидетельствование поедем?",это идеальный лицо дпсник оно прям кричать молодой человек трубочка дыхнуть сразу освидетельствование поехать
С самодельного ребенка проорал,самодельный ребёнок проорать
"Как жаль, что нормальные люди постоянно оправдываются, за доброе дело, за немного полненького ребенка, за свою замечательную семью, а придурки ничего не стесняются!Лично я, вам верю, шлю лучи поддержки и пожелания добра и счастья!",жаль нормальный человек постоянно оправдываться добрый дело немного полненький ребёнок замечательный семья придурок стесняться лично верить слать луч поддержка пожелание добро счастие
"А ""мышь серая многодетная одна штука"" оказалась весьма обаятельной и позитивной натурой. Всё получится.",мышь серый многодетный штука оказаться весьма обаятельный позитивный натура всё получиться
"у меня был двоюродный брат. сложная ситуация в семье. 9 классов - еле-еле. в шарагу определили. еле-еле закончил. мутные кампании. факт - были наркотики. пропадал прям на месяца. наша семья - не плохая, но бедная понятно, 90е. он как-то там нагуляется по злачным местам - к нам придет, в тишину и покой. и по новой.честно говоря все думали что он все ж в эту пропасть провалится. вот все.а он ниче... как-то вот по самому краю этой пропасти прошел. к 25ти начал норм работать уже. семья сейчас, дети, норм мужик.удачи вам автор, в этом нелегком деле.",двоюродный брат сложный ситуация семья класс еле еле шарагу определить еле еле закончить мутный кампания факт наркотик пропадать прям месяц наш семья плохой бедный понятно нагуляться злачный место прийти тишина покой новый честно говорить думать пропасть провалиться край пропасть пройти ти начать норма работать семья ребёнок норма мужик удача автор нелёгкий дело
"Писал в предыдущем посте, но думаю что можно и здесь продублироватьЧасть этой истории, наглядный пример долбаебам, которые с гордостью заявляют: ""Ну бухаю! И че такова?""",писать предыдущий пост думать продублироватьчасть история наглядный пример долбаебам который гордость заявлять бухать че таковой
"Прямо олицетворение России, точнее российской глубинки, от просмотра фоток мне даже чуть теплее стало в офисе, хотя уже три дня мерзнем без отопления (в Новосибе)Вы все большие молодцы!",прямо олицетворение россия точнее российский глубинка просмотр фотка тёплый стать офис хотя день мёрзнуть отопление новосиб больший молодец
"Прекрасная семья, где Женя точно будет своим. Много мальчишек, здорово! Целая бригада, вместе горы свернут.",прекрасный семья женя точно свой мальчишка здорово целый бригада вместе гора свернуть
"это первое, что я читаю с начала всей ситуации. Линара заткнула всех диванных экспертов. Пруфы хотите? Нате, все по полочкам, мошейница? Нате фото меня и всей моей семьи! Красотка просто!",это первый читать начало весь ситуация линар заткнуть диванный эксперт пруфа хотеть нате полочка мошейница нате фото весь семья красотка просто
"Ещё и карлика эксплуатируют, заставляют за рабами надзирать :/",ещё карлик эксплуатировать заставлять раб надзирать
"Вы классные! :) у нас тоже фоток нет нормальных, дети старшие - подростки, вообще сейчас не хотят фоткаться, ыыы",классный фотка нормальный ребёнок старший подросток вообще хотеть фоткаться ыыы
Что за собака у мамы на руках? Ваем собакам собака!!! ))),собака мама рука вать собака собака
"Пальцем в небо тыкну, это не белорецк случайно?",палец небо тыкнуть это белорецк случайно
"Парню успехов и не начать бухать, пойдя по стопам матери.",парень успех начать бухать пойти стопа мать
"Это уже для продвинутых. Я ещё вот такой аналоговый ""ключ"" застал).",это продвинуть ещё аналоговый ключ застать
Картинка с запахом,картинка запах
"Эта тема с "" кодовым замком"" напомнила мне немного о прошлом.Помню в далеком 1991 ом году по молодости пришлось поработать в телеателье , радиомехаником по ТВ. Предприятия закрывались , работы особо не было, поэтому пришлось поработать на этом поприще. Время было мутное и люди тоже попадались мутные. ( по сути , это были те же самые бывшие граждане СССР, "" порядочные , добрые и отзывчивые "" , которые вдруг резко изменились в новой эпохе.)Как то раз сидел на работе , разбирался с каким -то телевизором . Вдруг в цех зашли какие-то два мужика в пальто и меховых шапках и решительно направились в аквариум , где сидел начальник цеха. Вскоре они вышли оттуда и направились к моему столу.Из большой сумки они вытащили советский видеомагнитофон ВМ-12 и поставили мне на стол, со словами :""Сказали к тебе подойти, это по твоей части.""Я попытался обьяснить им , что, мол, занят своей работой, но из-за его спины робко показался начальник цеха и сказал мне "" ну посмотри, что там у ребят""Один из "" ребят"" с интонацией хозяина жизни пояснил мне , что "" купил видак дочке прямо с базы, а он сразу из упаковки не работает, дочка плачет ""В общем, пришлось отвлечься, разобрать и посмотреть.Сегодня я не помню, что с ним было конкретно, но помню , что я сразу увидел искривленный рычажок типа для расправки ленты. ( из-за этого он стопорился сразу при запуске) После того, как я пассатижами его подогнул, видак сразу заработал как надо.( был заводской брак)Хозяин видака очень обрадовался , достал бумажник, вытащил оттуда банкноту в 5 долларов и положил мне на стол. ( Сегодня многие подзабыли , что в то время по стране ходили доллары наряду с рублями, да и сумма эта была вполне ощутимая по тем голодным временам)Я не успел что-то осознать, как этот мужик приказным тоном озвучил мне свой план: Давай, собирайся, одевайся, доедем до дочки , подключишь видак, надо ей все настроить , чтобы она мне не выносила кукушку""Я попытался напомнить, что "" я же на работе"" , но снова нарисовался начальник цеха и произнес "" ну , сьезди , помоги ребятам, на работу оттуда сегодня уже не приходи, а я рабочий день закрою, как полный"". Вроде заплатили уже , много больше , чем надо было , отказаться как то не получалось.Я вообще посчитал, что это его были какие -то знакомые, ведь регулярно к нему приходили какие-то друзья и тд. Поэтому выключил все и пошел одеваться.На улице меня усадили в черную Волгу и мы поехали к дочке.( да, в те годы еще много кто ездил на таких машинах)В салоне авто уже сидели какие-то немолодые мужики, в итоге , ехали пятером. Я сидел позади в середине. Пока ехали, они обсуждали какой-то овощной магазин, какие-то накладные, какие-то проверки, в общем, ничего криминального, но я чувствовал себя весьма мерзко, размышляя про эти пять долларов.Приехав на нужный адрес, мы поднялись в лифте на 8 ой этаж и мой "" клиент"" позвонил в дверь. Открывали долго, минут десять, мужик переговаривался с дочерью через дверь , мол "" это я , доча, открывай""Дверь открыла такая недовольная девица в пижаме, с заспанной мятой физиономией.Отец ей представил меня и пояснил : "" Вот, привез тебе мастера, он все настроит. А я убегаю, у меня работа. Ах да! Я ему уже заплатил! Хорошо заплатил, поэтому ничего ему не плати!"" С этими словами за ним захлопнулась дверь.Я поставил видеомагнитофон на тумбочку рядом с телевизором. Это был такой типовой 3УСЦТ, (телевизор третьего поколения) ,как раз, с таким же кнопочным блоком выбора и настройки, но на 8 каналов. При чем над кнопкой номер 8 был нарисован специальный символ видеомагнитофона. Если не вдаваться в тонкости схемотехники, просто поясню, что при восьмом канале изменялась "" постоянная времени фильтра подстройки частоты импульсов развертки "" , для ситуации , когда лента кассеты растягивается и из-за этого изображение не должно сбиваться. Рассчитан этот канал был как раз на просмотр видео.Поэтому я настроил канал для просмотра видака на восьмую кнопку и стал показывать девице. Однако, она недовольным голосом заявила , что "" на восьмом канале у нас Ника!( был такой канал местного ТВ)Я попытался обьяснить, что"" восьмой канал на заводе настроили для видеомагнитофона, вон даже символ нарисовали"" Эту Нику настроил ей на соседний седьмой , тем более , что в то время в городе каналов вещания было всего 4-5, поэтому свободные кнопки были.Дева махнула рукой, мол,""ладно, понятно короче"" , и я ушел домой.На следующий день , в середине дня, в цех опять забежал тот мужик , подошел ко мне и с агрессивным тоном спросил: "" Ты чо творишь, бля? Ты нахуя девчонку обидел? Я тебе заплатил , как человеку, думал, сделаешь , как надо, а ты дочу мою до слез довел?!!!нихуя не сделал и свалил!""Я прихуел от такого наезда, стал обьяснять, мол , я все настроил и ушел , все работало, деве вашей показал. Она сказала "" все нормально, до свидания"" , что там у вас случилось? Я в чем виноват?Конечно, в первый момент я немного обосрался , ведь никто не знает, что могло произойти с той девой после того, как я ушел домой. Этого мне еще не хватало.Мужик отвечал , мол "" Да дочка плачет, ты ей ничего не настроил, ушел , а изображение дергается, смотреть невозможно ""Я попытался предложить "" может поехали снова? я вам покажу что все работало""Ответил "" да уже не надо! мы вызвали мастера по обьявлению, он там что-то припаял , теперь все работает""С этими словами достал какую -то небольшую сумму денег , протянул мне и произнес: "" а те пять баксов верни."" При мне их не было, и он сказал "" дочке моей потом занесешь"". ( занес , конечно, чтобы поскорей отделаться от этой гадкой истории)Вот так, пришлось столкнуться с обывательской глупостью таким неприятным образом. Мерзко было не из-за денег, а из-за их нежелании вникать в суть этих кнопок , колесиков и тп.(Тот ""мастер по обьявлению"" тупо припаял перемычку , из-за которой видак работал на любом канале, но я исходил из замысла включать на определенном канале.Да и ехал я "" просто настроить каналы"" , что я и сделал.Хотя , наверное, я сам должен был припаять эту перемычку "" от тупости обывателя"")Ну и время было такое, когда в обществе появились такие "" хозяева новой жизни"", да и на фоне тогдашней общей криминальной обстановки, не получилось сразу послать подальше этого гражданина с его видаком.Простите, меня старого за такие воспоминания.Но так вышло , что в том доме , в том подьезде , сегодня живет моя родственница и этот эпизод иногда всплывает в памяти.Показать полностью",тема кодовый замок напомнить немного прошлый помнить далёкий ом год молодость прийтись поработать телеателье радиомеханик тв предприятие закрываться работа особо поэтому прийтись поработать поприще время мутный человек попадаться мутный суть это самый бывший гражданин ссср порядочный добрый отзывчивый который резко измениться новый эпоха сидеть работа разбираться телевизор цех заслать мужик пальто меховой шапка решительно направиться аквариум сидеть начальник цех вскоре выйти оттуда направиться стол большой сумка вытащить советский видеомагнитофон вм поставить стол слово сказать подойти это твой часть попытаться обьяснить мол занятый свой работа спина робко показаться начальник цех сказать посмотреть ребята ребята интонация хозяин жизнь пояснить купить видак дочка прямо база сразу упаковка работать дочка плакать общий прийтись отвлечься разобрать посмотреть сегодня помнить конкретно помнить сразу увидеть искривить рычажок тип расправка лента стопориться сразу запуск пассатижи подогнуть видак сразу заработать заводский брак хозяин видака очень обрадоваться достать бумажник вытащить оттуда банкнот доллар положить стол сегодня многие подзабыть время страна ходить доллар наряду рубль сумма вполне ощутимый голодный время успеть осознать мужик приказный тон озвучить свой план давать собираться одеваться доехать дочка подключить видак настроить выносить кукушка попытаться напомнить работа снова нарисоваться начальник цех произнести сьездить помочь ребята работа оттуда сегодня приходить рабочий день закрой полный вроде заплатить отказаться получаться вообще посчитать это знакомый регулярно приходить друг тд поэтому выключить пойти одеваться улица усадить чёрный волга поехать дочка год ездить машина салон авто сидеть немолодой мужик итог ехать пятер сидеть позади середина пока ехать обсуждать овощной магазин накладный проверка общий криминальный чувствовать весьма мерзко размышлять пять доллар приехать нужный адрес подняться лифт ой этаж клиент позвонить дверь открывать долго минута десять мужик переговариваться дочь дверь мол это дотать открывать дверь открыть недовольный девица пижама заспанный мятый физиономия отец представить пояснить привезти мастер настроить убегать работа ах заплатить заплатить поэтому платить слово захлопнуться дверь поставить видеомагнитофон тумбочка рядом телевизор это типовой усцт телевизор третий поколение кнопочный блок выбор настройка канал кнопка номер нарисовать специальный символ видеомагнитофон вдаваться тонкость схемотехник просто пояснить восьмой канал изменяться постоянный время фильтр подстройка частота импульс развёртка ситуация лента кассета растягиваться изображение должный сбиваться рассчитать канал просмотр видео поэтому настроить канал просмотр видака восьмой кнопка стать показывать девица однако недовольный голос заявить восьмой канал ник канал местный тв попытаться обьяснить восьмой канал завод настроить видеомагнитофон вон символ нарисовать ник настроить соседний седьмой время город канал вещание поэтому свободный кнопка дева махнуть рука мол ладный понятно короче уйти домой следующий день середина день цех забежать мужик подойти агрессивный тон спросить творить бля нахуй девчонка обидеть заплатить человек думать сделать дочить слеза довести нихуй сделать свалить прихуесть наезд стать обьяснять мол настроить уйти работать дева ваш показать сказать нормально свидание случиться виноватый первый момент немного обосраться никто знать мочь произойти дева уйти домой хватать мужик отвечать мол дочка плакать настроить уйти изображение дёргаться смотреть невозможно попытаться предложить поехать снова показать работать ответить вызвать мастер обьявление припаять работать слово достать небольшой сумма деньга протянуть произнести пять бакс вернуть сказать дочка занести занести скорый отделаться гадкий история прийтись столкнуться обывательский глупость неприятный образ мерзко деньга нежелание вникать кнопка колёсико тп мастер обьявление тупо припаять перемычка который видак работать любой канал исходить замысел включать определённый канал ехать просто настроить канал сделать хотя наверное должный припаять перемычка тупость обыватель время общество появиться хозяин новый жизнь фон тогдашний общий криминальный обстановка получиться сразу послать далёкий гражданин видаком простить старое воспоминание выйти дом подьезда сегодня жить родственница эпизод всплывать память показать полностью
"А самое прикольное было, когда, зачастую, после настройки задвигаешь эту конструкцию обратно и каналы опять сбиваются.",самый прикольный зачастую настройка задвигать конструкция обратно канал сбиваться
Мажоры. Каналы переключаются со звуком тыг-тыг-тыг.,мажор канал переключаться звук тыг тыг тыг
У нас такой был в Радуге 719.,радуга
"Помню, прокатился в шерстяных носках по линолеуму к телевизору, чтобы переключить программу. Послышался щелчок и программы перестали переключаться. Тогда я и узнал, что эта штука называется СВП-4 и вообще стал ближе к электронике.)",помнить прокатиться шерстяной носок линолеум телевизор переключить программа послышаться щелчок программа перестать переключаться узнать штука называться свп вообще стать близкий электроника
"интересно, почему их надо было всё время подстраивать )",интересно почему всё время подстраивать
"А пультом дистанционного управления, обычно, был самый младший в семье :-)",пульт дистанционный управление обычно самый младший семья
Березка Ц-208,берёзка ц
"На полном серьезе один прикрутил к кнопкам свое изобретение с шестью нитками, и дергал их с дивана. Такой пульт ДУ. Было в разделе «советы домашнему мастеру».А ранее этого в магазинах продавалось фабричное ДУ на толстом кабеле, который включалось в разъем на задней панели. Правда оно позволяло только менять громкость и яркость",полный серьёз прикрутить кнопка свой изобретение шесть нитка дёргать диван пульт ду раздел совет домашний мастер ранее магазин продаваться фабричный ду толстой кабель который включаться разъём задний панель правда оно позволять менять громкость яркость
"Вот эти вот красные хуёвины - это переключатели с метров на дециметры. Такие перемычки, джамперы.Без них телек не будет показывать.Мы как-то дежурными по школе были, в учительской убирались, и повытаскивали их все.Ой какой пиздец поднялся через несколько уроков.- Кто это сделал!!!АДИНАДИН1- А хуй его знает, Марьванна....Больше нас не ставили дежурными.",красный хуёвина это переключатель метр дециметр перемычка джампер телек показывать дежурный школа учительский убираться повытаскивать ой пиздец подняться несколько урок это сделать адинадин хуй знать марьванна ставить дежурный
"""Пойди канал переключи""🐨",пойти канал переключить
"Сразу чувствуется хороший телевизор, цветной",сразу чувствоваться хороший телевизор цветной
Настройка каналов в цветном телевизоре 80х🙂,настройка канал цветной телевизор х
"У нас такой был, настройка каналов крайне неудобная была, зато декодер стоял, видак на 8 канале, денди на 7, цветное",настройка канал крайне неудобный зато декодер стоять видак канал денди цветной
У меня с таким модулем был телек Березка Ц281Д,модуль телек берёзка ц далее
"Помню как наверное в 92-93 годах я начал крутить колёсико и искать первые кабельные каналы , 26 канал ,планета и вроде регион. Дело было в Оренбурге))",помнить наверное год начать крутить колёсико искать первый кабельный канал канал планета вроде регион дело оренбург
"Телевизор «Березка»Был такой ) бегал , переключал каналы .",телевизор берёзка бегать переключать канал
"Не помню что это за телевизор, может Рубин. У Радуги блок настройки был вертикальный.",помнить это телевизор рубин радуга блок настройка вертикальный
Красные перемычки (в др. вариантах переключатели) меняли диапазон,красный перемычка др вариант переключатель менять диапазон
Вот эти красные штуки (переключатели выбора диапазона?) пальцАми было очень трудно доставать.,красный штука переключатель выбор диапазон палец очень трудно доставать
аж олдскулы свело,аж олдскула свести
У нас такой был,
Напомнило старого знакомого,напомнить старое знакомый
"Ёбанное общество деградирующих,куда мир катится",ёбанный общество деградировать мир катиться
Камри...)это слово уже давно нарицательное),камри это слово давно нарицательный
"Диван в суперпозиции, так как нет звука, смущает это очень",диван суперпозиция звук смущать это очень
"Мне показалось, или потерпевший первый начал толкаться? Ток сегодня утром в вк попалось старое видео, где гражданин кричал ""я в рот тебя выебу белка"", а получив пару пуль с травмата начал звать ментов, и чуть позже журналистам рассказал почти такую же историю",показаться потерпевший первый начать толкаться ток сегодня утром вк попасться старое видео гражданин кричать рот выести белок получить пара пуля травмат начать звать мент поздний журналист рассказать история
17-19 секунда видно как торпедируется левое зеркало камри,секунда видно торпедироваться левый зеркало камри
На регистраторе 2017,регистратор
"Причем тут вообще 90е, если это самый банальный быдлозамес на дороге. Один вышел, распустив крылышки, думал, что щас все обоссутся от того, что он ходил в качалочку пару раз в месяц, но у оппонента оказались аргументы повесомее потных подмышек, и вот бычок уже побежал по кругу, не забыв сломать зеркало, надо ж хоть кому-то или чему-то всечь, раз крылья уже расправлены. А описание под видео очень хорошо иллюстрирует картинку-мем ""алло, полиция? У меня украли резиновые члены!"". А вообще да, битва жабы и гадюки, один бычок глупый, другой просто долбаёб, который день и ночь мечтал светануть своей пукалкой и поскорее отправиться на зону.",причём вообще это самый банальный быдлозамес дорога выйти распустить крылышко думать обосстись ходить качалочка пара месяц оппонент оказаться аргумент весомый потный подмышка бычок побежать круг забыть сломать зеркало всечь крыло расправить описание видео очень иллюстрировать картинка мем алло полиция украсть резиновый член вообще битва жаба гадюка бычок глупый просто долбаести который день ночь мечтать светануть свой пукалка скорый отправиться зона
"А в чем проблема переехать его? Я бы даже не думал, после того как увидел бы пистолет, сел бы сразу за руль и пиздец мрази бы этой был. Раскатал бы тоньше папиросной бумаги.",проблема переехать думать увидеть пистолет сесть сразу руль пиздец мразь раскатать тонкий папиросный бумага
"Проблема в несовершенстве УК в плане самообороны, выбор невелик: либо умри, либо на нары.Ну потянулся он к стволу- ебаш в бороду, а он заяву накатит, или он тупой башкой в бордюр - натянут за непреднамеренное.Хорошо он бегуну в спину не пальнул.",проблема несовершенство ук план самооборона выбор небольшой либо умереть либо нары потянуться ствол ебаш борода заява накатить тупой башка бордюр натянутый непреднамеренный бегун спина пальнуть
"«Затем он сказал, что отъедет с места, после чего вернётся и убьёт меня. Так он и сделал…»Ну и каково оно там? Интернет, я гляжу, и до тудова уже дошел. Это у вас там местные провайдеры или старлинки ловите?",затем сказать отъехать место вернуться убить сделать каковой оно интернет глядеть тудов дойти это местный провайдер старлинк ловить
"В середине 90х меня остановили бандосы- откуда такая машина, кто у тебя старшие. Второй раз подрезал чорт, вышли из машин. 2010 год. Ты меня подрезал, ты охуел? Говорю- так ты со второстепенной поворачивал и мне не было времени тормознуть, а то обычно не трудно пропустить. 35 лет за рулем в мегаполисе. Возможно нужно не быть дебилом и нормально ездить?",середина х остановить бандос откуда машина старший второй подрезать чорт выйти машина год подрезать охуесть говорить второстепенный поворачивать время тормознуть обычно трудно пропустить год руль мегаполис возможно нужно дебил нормально ездить
"Ебала жаба гадюку.Выбежал спортик на разборки, начал толкаться а потом обрсрался и – «памагити палиция!!!»..Черти.",ебал жаба гадюка выбежать спортик разборка начать толкаться обрсраться памагить палиция чёрт
Чувствуется недосказанность,чувствоваться недосказанность
"Нехуй вообще из машины выходить и бычить, вышел - будь готов что тебя тут и положат. Все кто сразу выскакивают из машины, считают себя крутыми. Подожди минуту выдохни, потом разбирайся. И оппонент увидит, что ты не агрессивный.",нехуй вообще машина выходить бычить выйти готовый положить сразу выскакивать машина считать крутой подождать минута выдохнуть разбираться оппонент увидеть агрессивный
Тойота Камри. 90% людей на них неадекваты.,тойота камри человек неадекват
"""до настоящего времени со мной никто из правоохранителей не связывался.""Ну так ясное дело, никого не убили, чего их занятых тревожить то?",настоящий время никто правоохранитель связываться ясный дело никто убить занятой тревожить
Мэн с пистолем видимо давно на похоронах не был.,мэн пистоль видимо давно похороны
Как вы заебали чо своими 90-ми. Как можно из-за пары идиотов писать такую хуйню? Ты жил в 90? Ты щас страдаешь также как в 90?,заебали свой ми пара идиот писать хуйня жить страдать также
"А нахера было вылезать из машины, чтобы порамсить и помахать перед ним руками? Следующий раз будешь знать, прежде чем быковать, что оппонент может быть не так прост",нахер вылезать машина порамсить помахать рука следующий знать прежде быковать оппонент простой
На чёрное ставок нет что ли???,чёрный ставка
"Да нормальная музыка, чё вы. Только под неё экшен-камера нужна, которая как бы из-за спины снимает всё.",нормальный музыка экшен камера нужный который спина снимать всё
"Нахуй надо, он же с пистолетиком, вдруг застрелит 🤣🤣🤣",нахуй пистолетик застрелить
"Это вам не мизулиной под дверь срать 🤣 , тут о преступнике ничего не известно и вообще вас же не убили , чего пришли ?",это мизулин дверь срать преступник известно вообще убить прислать
"Зачем писать заявление в правоохранительные органы? Пишите в местный паблик для мигрантов: я такой-то нуждаюсь в помощи, поможете - буду ислам проповедовать, мамой клянусь жиесть.Можно Кадыровым обратиться напрямую.Знакомый на сво,о чеченцах отзывается только в положительном ключе.",писать заявление правоохранительный орган писать местный паблик мигрант нуждаться помощь помочь ислам проповедовать мама клясться жибыть кадыров обратиться напрямую знакомый сво чеченец отзываться положительный ключ
Догнался бы на машине и затаранил бы,догнаться машина затаранить
"Блин это такая хорошая получилась, милая зарисовка. Про любовь))",блин это хороший получиться милый зарисовка любовь
"Пельмени в тарелке, как медали блестят,В кастрюле кипят, словно старт для ребят.Тесто упругое, мясо внутри,Силу дают нам для новой игры!На поле, в спортзале — энергия бьёт,Пельмень — наш допинг, он к победам зовёт.Сметана и кетчуп, венчают успех,С пельменями в брюхе — ты круче всех!Бегут марафонцы, штангу рвут атлеты,Пельмени в обед — и нету запретов.С бульоном горячим, с начинкой мясной,Спорт с пельменями — это путь мой и твой!",пельмень тарелка медаль блестеть кастрюля кипеть словно старт ребята тесто упругий мясо внутри сила давать новый игра поле спортзал энергия бить пельмень наш допинг победа звать сметана кетчуп венчать успех пельмень брюхо крутой бежать марафонец штанга рвать атлет пельмень обед нету запрет бульон горячий начинка мясной спорт пельмень это путь твой
Не разогревши 🤔,разогреть
"не понимаю людей, накладывающих соус на всю горку пельменей сразу. у меня индивидуальный подход",понимать человек накладывать соус горка пельмень сразу индивидуальный подход
"@Maximlogin, однажды ты приведёшь форму в порядок и уделаешь этих троих слабаков",однажды привести форма порядок уделать трое слабак
Какая выдержка! Какое взаимопонимание!,выдержка взаимопонимание
В две смены работаете над поеданием пельменей. Не бережёте себя :),смена работать поедание пельмень беречь
Музыка:Секретная служба. Плоть в ночи,музыка секретный служба плоть ночь
Я поражаюсь конечно как у вас не иссякают идеи и как долго вы выдаёте реально качественный контент. Продолжайте в том же духе!,поражаться иссякать идея долго выдавать реально качественный контент продолжать дух
И вот что характерно! Днём Пал Палыч сам предложил пельмешек — супруга отказалась.Ночью Пал Палыч потянулся к пельмешку — супруга не дала...,характерный день пасть павлович предложить пельмешек супруг отказаться ночью пасть павлович потянуться пельмешек супруг дать
"А главное, руками, да ещё холодные, ух бля вкуснятина!,",главное рука ещё холодное ух бля вкуснятина
"Мне нравится, что в ролике нет осуждения и насмешки)Не в сторону пельменей, не в сторону упражнений.",нравиться ролик осуждение насмешка сторона пельмень сторона упражнение
"Вот, сразу видно что пара друг другу подходит, у них абсолютно общие интересы)",сразу видно пара друг друг подходить абсолютно общий интерес
Сливочное масло и соевый соус,сливочный масло соевый соус
Хочу такую пижаму! Гугл не помог. Можно намек?),хотеть пижама гугл помочь намёк
"Футболка суперская у Пал Палыча, так подходит к кетчупу и пельменям)))",футболка суперскай пасть павлович подходить кетчуп пельмень
"На бэке бас-гитара играет Пневмослон - Пошло всё в жопу, сяду на коня 😆",бэк бас гитара играть пневмослон пойти всё жопа сесть конь
За Сикрет Сервус отдельный плюсец,сикрет сервус отдельный плюсец
"Без кетчунеза едят пельмени, ЖОЗники!",кетчунез пельмень жозник
С кетчупом пельмеши :/,кетчуп пельмешить
"Люди, которые спрашивают у женатых/замужних почему они не вызывают проституток/тов, мне кажутся не совсем адекватными",человек который спрашивать женатый замужний почему вызывать проститутка тов казаться адекватный
"Это хорошо, когда жена имеет возможность вот так неожиданно сорваться. Есть ведь много работ, где это не так просто сделать. Да и при наличии детей это тоже не так просто.",это жена иметь возможность неожиданно сорваться работа это просто сделать наличие ребёнок это просто
"Меня пугает организация и коллеги, которые лезут первыми в чужую личную жизнь и обсуждают подобные вещи - проституток, измены, поебушки и т.п.Это должно быть шарага с люмпенами, хотя даже на стройке подобные разговоры я слышал от всяких разнорабочих разве что, у специалистов хватает ума разговаривать об иных, более интересных вещах.Волчьи яйца, это что за компания на объектах в Ялте, что там такие одаренные невоспитанные кадры работают? Не Тимченковский шараж-монтаж с сине-бело-оранжевой униформой случаем?",пугать организация коллега который лезть первый чужой личный жизнь обсуждать подобный вещь проститутка измена поебушко п это должный шарага люмпен хотя стройка подобный разговор слышать всякий разнорабочий специалист хватать ум разговаривать иной интересный вещь волчий яйцо это компания объект ялта одарённый невоспитанный кадр работать тимченковский шараж монтаж синий белый оранжевый униформа случаем
"Тоже солидарен. Есть жена, в нормальной ситуации и у нормальных людей это человек, которого ты любишь и ее же хочешь. Зачем кто-то другой? Да, красивые. Да, в купальниках. И что?) секса хочется с женой и другого человека в этом плане даже не рассматриваешь",солидарный жена нормальный ситуация нормальный человек это человек который любить хотеть красивый купальник секс хотеться жена человек план рассматривать
"Я как то ехала из Батуми и поселилась во Владикавказе в отеле. Вот там местный мачо, крутой осетин пытался меня снять. Меня, 50летнюю тётю! Я ему объясняю что у меня в Грузии любимый мужчина, и я не могу ему изменить, ну вот все во мне противится измене. А тот не понимает, ну типа, он то далеко, нп узнает, а ты попробуешь и разницу увидишь. Противно...",ехать батуми поселиться владикавказ отель местный мачо крутой осетин пытаться снять летний тётя объяснять грузия любимый мужчина мочь изменить противиться измена понимать тип далеко нп узнать попробовать разница увидеть противно
"Красавчик! Жену всегда беру с собой, если командировка предстоит не упоротая, а со свободным временем. Питер, Москва, Калуга - я работаю, она отдыхает, вечером потрахались, погуляли, поужинали, обнялись, уснули.",красавчик жена брать командировка предстоять упороть свободный время питер москва калуга работать отдыхать вечером потрахаться погулять поужинать обняться уснуть
"Ждал продолжения в духе: по приезду домой жене сообщили, что ее муж пять дней жил с какой-то бабой в номере",ждать продолжение дух приезд домой жена сообщить муж пять день жить баба номер
"Работал в Сочи перед олимпиадой так жену взял на весь срок, так как ездить далеко.",работать сочи олимпиада жена взять весь срок ездить далеко
"Тут ничего сложного, хоть и в меньшей гораздо степени, чем раньше, промискуитет остается традиционно социально осуждаемым поведением, из-за чего страдающие им товарищи часто ищут положительного подкрепления у окружающих. ""В том, что я делаю, нет ничего плохого, если остальные тоже так делают"". Алкоголики тоже этим промышляют. Мое личное мнение - жизнь сложна и коротка , и каждому стоит жить её как он хочет, при условии, конечно, что он не наносит при этом вреда окружающим. Но позиция, нуждающаяся в постоянном положительном подкреплении - шаткая и незрелая 💁‍♂️",сложный малый гораздо степень ранний промискуитет оставаться традиционно социально осуждать поведение страдать товарищ часто искать положительный подкрепление окружающий делать плохой остальной делать алкоголик это промышлять личный мнение жизнь сложный короткий каждый стоить жить её хотеть условие наносить вред окружающие позиция нуждаться постоянный положительный подкрепление шаткий незрелый
"А у меня вопрос таким советчикам и тем, кто придерживается схожих взглядов - даже если жена не может никак приехать, нельзя потерпеть без секса несколько месяцев, что ли? Простое тыканье писькой без эмоций стоит того, чтобы предать любимого человека?",вопрос советчик придерживаться схожий взгляд жена никак приехать потерпеть секс несколько месяц простой тыканье писька эмоция стоить предать любимый человек
Технично понял... Это вообще как?,технично понять это вообще
"Поступок не мальчика, но мужа.",поступок мальчик муж
"Ты нам мигни, если она за спиной стоит )))",мигнуть спина стоить
"Что за хрень, какая верность, какие моральные устои?Мужчина выбрал жену среди многих, она ему нужна, он её хочет, любит.Какие проститутки?Если секс с ними лучше и желаннее с женой пора расстаться. Без вариантов. Имхо.Или я один такой?",хрень верность моральный устой мужчина выбрать жена среди многий нужный её хотеть любить проститутка секс желанный жена пора расстаться вариант имхо
"Вот полностью согласен с автором. Зачем?Какие нахрен проститутки и случайные связи? Если у меня есть жена.Знатно пукнул...Про курортные романы знаете? Нет? Про дальнобоев и плечевых не в курсе?""Любовь и голуби"" тогда точно смотрели.И это пациенты с проблемами органов движения.А уж здоровые мужики ....ухНе, это от либидо, канеш...",полностью согласный автор нахрен проститутка случайный связь жена знатно пукнуть курортный роман знать дальнобои плечевой курс любовь голубь точно смотреть это пациент проблема орган движение здоровый мужик ухна это либидо канеш
"Хорошая работа у жены, что так легко летом можно уехать и не раз.",хороший работа жена легко лето уехать
А что воздастся то?))))),воздаться
"Это че за волна такая, что случилось то?",это че волна случиться
"Мой друг в Тулу ездил в командировку, его коллеги зовут в кафе, а он такой - а я в номере чаю попью, я и самовар с собой взял(Шучу конечно, я за верность)",друг тула ездить командировка коллега звать кафе номер чай попить самовар взять шутить верность
"Я вам как коренной житель Южного берега говорю - блядство тут процветает летом во всей красе. Мамки, которых мужья отпустили одних в Крым - многие гуляют.",коренной житель южный берег говорить блядство процветать лето весь краса мамка который муж отпустить крым многие гулять
"Я после пандемии в 2021 приехал подлечиться к близким друзьям из Москвы в Алмату. Задержался там на несколько месяцев, жена ко мне не приезжала, хотя на Кипр мы с ней и друзьями слетали: она из Москвы, я из Алматы. Это было месяца через три после моего переезда. Друзья (крайне обеспеченные и влиятельные казахи) по широте душевной пригласили её в Алмату хотя бы погостить у мужа. На что получили ответ: где я, а где АлматаВ итоге через месяц после этой поездки я начал жить со своей нынешней супругой, с той женой развелся, получил казахстанское гражданство, плачу сыну алименты, он гостит у меня летом. А нынешняя супруга никогда не расстаётся со мной более, чем на неделю и мониторирует, чтоб я не гулял. Сейчас правда хватка у нее ослабла, но мне уже 42 и изменять как-то лень",пандемия приехать подлечиться близкие друг москва алмат задержаться несколько месяц жена приезжать хотя кипр друг слетать москва алматы это месяц переезд друг крайне обеспечить влиятельный казах широта душевный пригласить её алмат хотя погостить муж получить ответ алматав итог месяц поездка начать жить свой нынешний супруг жена развестись получить казахстанский гражданство плач сын алименты гостить лето нынешний супруг расставаться неделя мониторировать гулять правда хватка ослабнуть изменять лень
Но даже ей всё ещё далеко до,всё ещё далеко
Запоминается последняя фраза (с) кто-то,запоминаться последний фраза
"КБ это прекрасный магазин для покупателей,но абсолютная каббала для работников.Тупоголовое начальство с образованием ПТУ и амбициями императора портят всё!",кб это прекрасный магазин покупатель абсолютный каббал работник тупоголовый начальство образование пту амбиция император портить всё
Какая симпатичная булочка!,симпатичный булочка
"Врачу выгодно, когда вы болеете.Юристу хорошо, когда вы попали в беду.Полиция довольна, если вы оказались преступником.Автослесарь радуется, когда ваша машина сломалась.И лишь вор желает вам беспечности и благополучия!!!",врач выгодно болеть юрист попасть беда полиция довольный оказаться преступник автослесарь радоваться ваш машина сломаться лишь вор желать беспечность благополучие
И эту девушку мне заверните!,девушка завернуть
"Лечащий врач: сожалею, у вас цирроз, даю вам пару месяцев попрощаться с близкими",лечить врач сожалеть цирроз давать пара месяц попрощаться близкий
"У меня зазвучал в голове монолог на базе одного фильма.Стоматолог: ты неправильно чистишь зубы. Диетолог: ты неправильно питаешься. Родители: ты неправильно живешь. Еше кто-то: ты неправильно работаешь. Отдыхаешь. Занимаешься сексом. Водишь. Одеваешься. Делай правильно, чтобы соответствовать обществу, стереотипам. Чтобы тебя одобрили, похлопали по плечу. Чтобы в конечном итоге проебать свою жизь в угоду чужому мнению, когда не останется ничего, кроме удивления, что ты делал все в угоду каким-то левым ублюдкам, которым на тебя плевать, которые забудут тебя на следующий день после твоих похорон. Я не стал жить ""правильно"". Я выбрал кое-что другое. Причины? Какие могут быть причины, когда есть алкоголь.",зазвучать голова монолог база фильм стоматолог неправильно чистить зуб диетолог неправильно питаться родитель неправильно жить еше неправильно работать отдыхать заниматься секс водить одеваться делать правильно соответствовать общество стереотип одобрить похлопать плечо конечный итог проебать жизя угода чужой мнение остаться кроме удивление делать угода левый ублюдок который плевать который забыть следующий день твой похороны стать жить правильно выбрать кой причина мочь причина алкоголь
"Ой блин, в любом магазине вашим деньгам рады будут. Вот только ни в одном из них вы с вашими проблемами никому нахрен не сдались.",ой блин любой магазин ваш деньга рада ваш проблема никто нахрен сдаться
"Притча о храме и баре.Человек пришёл в храм. Он забыл выключить телефон, который во время молитвы зазвонил. Священник отчитал его. Люди, которые молились, ругали его после молитвы за то, что он нарушил тишину. Всю дорогу домой его жена выговаривала ему за его невнимательность. На его лице можно было увидеть стыд, растерянность и унижение.После этого случая этого человека никогда больше не видели в храме. И в этот же вечер он пошёл в бар. Этот человек всё ещё нервничал и его руки дрожали. Случайно он разлил свой напиток на стол. Официант извинился и дал ему салфетку, чтобы вытереться. Уборщик вытер пол. Управляющая бара предложила ему другой напиток за счёт заведения. При этом она сказала: ""Не беспокойтесь, мужчина. Все делают ошибки"".С этого дня он ходил в бар каждый вечер.",притча храм бар человек прийти храм забыть выключить телефон который время молитва зазвонить священник отчитать человек который молиться ругать молитва нарушить тишина дорога домой жена выговаривать невнимательность лицо увидеть стыд растерянность унижение случай человек видеть храм вечер пойти бар человек всё ещё нервничать рука дрожать случайно разлить свой напиток стол официант извиниться дать салфетка вытереться уборщик вытереть пол управлять бар предложить напиток счёт заведение сказать беспокоиться мужчина делать ошибка день ходить бар каждый вечер
табак у неё на полочке интересный...,табак полочка интересный
"Потому что продажа психоактивных веществ имеет самую высокую выгоду и рентабельность, в тоже время образование и здравоозрание находятся на дне рентабельности. Поэтому те же финансовые структуры в виде банков или фондов не стремятся вкладываться ни в здравохранение ни в образование, потому вложенные деньги модно тупо не отбить. Поэтому они и отданы на откуп государству, которое обеспечивает их из налогов граждан.Вот теперь и задавайтесь вопросом кто вам желает добра больше, вредный хуй во врачебном халате или улыбающаяся отсыпательница барбарысок?",продажа психоактивный вещество иметь самый высокий выгода рентабельность время образование здравоозрание находиться день рентабельность поэтому финансовый структура вид банк фонд стремиться вкладываться здравохранение образование вложить деньга модно тупо отбить поэтому отдать откуп государство который обеспечивать налог гражданин задаваться вопрос желать добро вредный хуй врачебный халат улыбаться отсыпательница барбарысокий
"Зайдёшь в Главпивторг, а так все такие вежливые!",зайти главпивторг вежливый
"Место, где обитает алкоскот.",место обитать алкоскот
Так может быть первые 3 пункта как раз появились из-за 4го?),первый пункт появиться го
"В КБ чаще приходишь, а твоего пива нет в холодильнике или вообще нет. А холодильники забиты каким-то ноунейм дерьмом. Поэтому чаще захожу в Бристоль, пусть и крюк надо делать. Там всегда полные полки в холодильниках.",кб частый приходить твой пиво холодильник вообще холодильник забитый ноунейм дерьмо поэтому частый заходить бристоль пусть крюк делать полный полка холодильник
"Вот нифига. Я вот хотел определённую колу но его надо было со склада нести. Типа возьмите вот эту какая разница, а разница в цене)) и ещё выбирал я виски, а мне типа возьмите лучше вот это.",нифига хотеть определённый кола склад нести тип взять разница разница цена ещё выбирать виски тип взять это
"Вспомнил историю, дело было в Якутске.Брал я себе банку пива, отметить достижение.Подходит женщина с перегаром на вид 30 плюс, алкашка.Ставить ДВЕ 2 ЛИТРОВЫХ БУТЫЛКИ, какой то пивосодержательной смеси и БУТЫЛКУ ВОДКИ, говорит: Молодой человек, давай ты и мне оплатишь, а потом мы пойдем ко мне пить...",вспомнить история дело якутск брать банк пиво отметить достижение подходить женщина перегар вид плюс алкашка ставить литровый бутылка пивосодержательный смесь бутылка водка говорить молодой человек давать оплатить пойти пить
"Кстати даю совет, в радиусе дома несколько КБ, рекомендую каждый вечер закупаться в разных, что бы не думали что ты конченный алкаш.",кстати давать совет радиус дом несколько кб рекомендовать каждый вечер закупаться разный думать кончить алкаш
"Выбор - так себе. Что, баба твоя пивас сосёт? Возьми токайского, фурминт или самородный.",выбор баба твой пивас сосать взять токайское фурминт самородный
У стоматолога ещё на кассе всю зп оставишь)А в Кб только чуть 🤏,стоматолог ещё касса зп оставить кб
"продавцам КБ явно не доплачивают их супержмоты владельцы КБ , а супервайзеры КБ -явно в аду будут на бутылках вертеться.PS В КБ никогда не работал, но периодически туда захаживаю как покупатель и по обрывкам подслушанных разговоров успел сформировать у себя общее впечатление о внутренней кухне КБ",продавец кб явно доплачивать супержмот владелец кб супервайзер кб явно ад бутылка вертеться кб работать периодически туда захаживать покупатель обрывок подслушать разговор успеть сформировать общий впечатление внутренний кухня кб
"Эх. Мне б так. Но на меня всегда удивляются, зачем я беру там много пива и всё разное... 🍺😸",эх б удивляться брать пиво всё разный
"Бляяяя, хайникен... Сейчас только импорт по 240р можно добыть.",бляяять хайникен импорт р добыть
"Интересно, почему в магазине Красное&Белое униформа красно-чёрная?",интересно почему магазин красный белый униформа красный чёрный
"Стоматолог - отрабатывает ваши деньги, по большому счету, пытается помочь.Диетолог - аналогично.Родители - искренне желают добра (как правило), но зачастую не умеют в верный посыл. Любят и не хотят, чтобы ты повторял их ошибки.Продавец КБ - вообще похер на тебя. Несешь деньги - красавчик, хоть упейся. У него свои заботы.",стоматолог отрабатывать ваш деньга большой счёт пытаться помочь диетолог аналогично родитель искренне желать добро правило зачастую уметь верный посыл любить хотеть повторять ошибка продавец кб вообще похер нести деньга красавчик упиться свой забота
А во всей стране в кабехе у персонала рубашки в красно-черную клетку?,весь страна кабех персонал рубашка красный чёрный клетка
"Боже мой, это заговор, от нас скрывали",бог это заговор скрывать
"Мир реально удивителен.Вы знали, что в одной молекуле воды, атомов водорода больше, чем звезд в солнечной системе?",мир реально удивительный знать молекула вода атом водород звезда солнечный система
"Отличный пост!!Не хватает только ссылки на телегу. И все , можно сразу втгорячее))",отличный пост хватать ссылка телега сразу втгорячее
"Видите ли, со мной связались через мои хлопья для завтрака, а затем Космическая Рыба подтвердила мне, что я определённо из космоса",видеть связаться хлопья завтрак затем космический рыба подтвердить определённо космос
"Песчинок на пляже Омаха больше, чем атомов в видимой вселеннойРасстояние от Земли до Юпитера составляет 909 080 000 км, это длиннее, чем два футбольных поля.Мало кто знает, что китайцев больше, чем всего населения земного шара.",песчинка пляж омах атом видимый вселеннойрасстояние земля юпитер составлять км это длинный футбольный поле мало знать китаец население земной шар
А зрение как работает? С божьей помощью.,зрение работать божий помощь
Прям озвучил половину шортсов с Ютуба. Иногда кажется они меня за дебила считают.,прям озвучить половина шортсова ютуба казаться дебил считать
"Ммм, вы, наверно, ученый?",ммм наверно учёный
Я так и знала!,знать
"Правая рыба средней большести, левая рыба альтернативно маленькая, из чего следует логичный вывод, что правая рыба таки больше чем левая",правый рыба средний большесть левый рыба альтернативный маленький следовать логичный вывод правый рыба таки левый
"Похоже, нас наёбывают, но не пойму в чём 🤔",похоже наёбывать понять
Капитан Очевидность и майор Ясенхуй🤪,капитан очевидность майор ясенхуй
"А ещё есть перспектива изображения, которая мешает зрению и мозгу сравнить размеры",ещё перспектива изображение который мешать зрение мозг сравнить размер
Нижняя и верхняя плитка одинаковы по цвету,нижний верхний плитка одинаковый цвет
А ещё у человеческого зрения есть восприятие перспективы.И я вижу двух одинаковых рыб одна из которых находится дальше.,ещё человеческий зрение восприятие перспектива видеть одинаковый рыба который находиться далёкий
Было бы более всрато - идеально),всрато идеально
Я так и знал!,знать
этот вид рыб не живет в море,вид рыба жить море
Ну хоть тут без наебалова!,наебалов
Нихуясебе. Яи не знал.,нихуясеб яи знать
